

insert into t.pieza values (1,'tuerca','amarillo',5.00,'Valencia');
insert into t.pieza values (2,'tuerca','azul',15.00,'Valencia');
insert into t.pieza values (3,'tuerca','verde',10.00,'Caracas');
insert into t.pieza values (4,'tuerca','verde',6.00,'Porlamar');
insert into t.pieza values (5,'tuerca','verde',14.00,'Porlamar');

insert into t.precio values (1,1500.00,1325.00);
insert into t.precio values (2,812.32,812.32);
insert into t.precio values (3,33.33,33.33);
insert into t.precio values (4,100.00, 100.00);
insert into t.precio values (5,14.33,13.00);

insert into t.cuentahabiente values (111111, 'Juanito','Lugar1','1234');
insert into t.cuentahabiente values (222222, 'McBalls','Lugar2','1234');
insert into t.cuentahabiente values (333333,'Banjo','Lugar3','1234');
insert into t.cuentahabiente values (444444,'Kazooie','Lugar4','1234');
insert into t.cuentahabiente values (21114828,'Marx','Lugar5','1234');
insert into t.cuentahabiente values (232323,'Oswaldo','Lugar6','1234');
insert into t.cuentahabiente values (99999,'Juanito Banjo','Lugar6','1234');


insert into t.prestamo values (11,111111,'Norte',14235.00);
insert into t.prestamo values (22,222222,'Sur',15748.00);
insert into t.prestamo values (33,333333,'Oriente',10457.00);
insert into t.prestamo values (44,444444,'Occidente',10459.00);
insert into t.prestamo values (77,21114828,'Occidente',32564.00);
insert into t.prestamo values (66,232323,'Occidente',18787.00);



insert into t.deposito values (555,111111,'Norte',14235.00);
insert into t.deposito values (666,222222,'Sur',15748.00);
insert into t.deposito values (777,99999,'Oriente',10457.00);
insert into t.deposito values (888,99999,'Occidente',10457.00);



